id,qid1,qid2,question1,question2,is_duplicate
123354,244436,244437,What motivates you the most in life?,What motivates you in your daily life?,1
284592,559343,559344,Should I still apply for Stanford?,When should I apply for Stanford?,0
94793,188171,188172,How can I overcome this fear?,What should I do to overcome this fear?,0
27647,55129,55130,Is it actually possible to be stranded on a deserted island?,What were the 80s/90s equivalent of vines/memes?,0
380501,744178,744179,How do I overcome social anxiety in public places?,What are the best ways to overcome my social anxiety?,1
47843,95255,95256,"What are the ""unwritten rules"" of Mumbai that everyone needs to follow?","What are the ""unwritten rules"" of Chicago that everyone needs to follow?",0
43626,86881,86882,How difficult is it to learn English?,What's the most difficult language for a native English speaker to learn and why?,0
211229,416631,416632,What was the real reason for 2008 financial crisis?,What are the reasons and causes of the 2008 financial crisis?,1
70685,140492,140493,"How many species of plants, bacteria and animals exist that we do not know about?",How many species of animals exist?,0
264389,520186,520187,What is the definition of linear?,What is the definition of linear lines?,0
250142,492491,492492,What are the effects of demonitization of 500 and 1000 rupees notes on real estate sector?,How do the real estate prices get affected by the Indian Government's decision to de-monetize 500 and 1000 notes?,1
28232,56292,56293,"Why does society prefer to idolise movies stars and models over people who do great things, like scientists or humanitarians?","Why did movie actors and voice-over 'artists' of newsreels and the like (in the 1930s or so) used to speak in much harder, harsher ways than similar people do today? Or is it just me?",0
132498,262420,262421,Which is the best QuickBooks data recovery support number in New York?,How helpful is QuickBooks' auto data recovery support phone number to recover your corrupted data files?,1
296187,581804,581805,"Will it be an exact ideal move by India, declaring war against Pakistan?",Should India declare war against Pakistan?,1
301253,591642,591643,Which company is best for condam?,Which company is best?,0
246644,485705,485706,What universities does Winland Electronics recruit new grads from? What majors are they looking for?,What universities does Electronics for Imaging recruit new grads from? What majors are they looking for?,0
199630,393962,393963,What went wrong with Cyrus Mistry as Tata Group chairman and why was he ousted?,Why TATA sons replaced Cyrus Mistry to Ratan TATA?,1
29946,59697,59698,What's the best way to hack an instagram account?,How can I get my hacked Instagram account?,1
384923,752644,752645,What is the best way to personally develop yourself?,How does personality develop?,0
133863,265092,265093,What are best programming WhatsApp status?,What are some best programmer WhatsApp status?,1
288067,566069,566070,What is the best programming language I should learn as a beginner?,Which probably would be a better programming language to start up being a beginner?,1
219553,432837,432838,My US citizen boyfriend who is a software engineer with a MS in Computer Science is unable to get a job in his field. Is it because he is being undermined by people on H1B's?,What job can one expect if he completes his MS in electrical engineering (communication concentration) from the US Universities? Is there any chance that he can get a job in the US companies?,0
8364,16706,16707,What is the least invested and best startup business?,What is the best business to do without investment or little investment?,0
214685,423350,423351,How do you install CyanogenMod on an Android which is not supported by it?,Can I install CyanogenMod Operating System on my OnePlus Two (not OnePlus One) Android device and How?,0
52462,104400,104401,How do I build a home gym on a budget?,Home Gym: What should I buy first? A pull up bar or a squat rack? What is more essential?,0
177851,351322,351323,What are the best water pumps for home use?,Home Renovation: How to pump water out of a lake?,0
265436,522222,522223,"Why is it that sometimes we can't trust ourselves, and other times we trust our inner voice, even if it is wrong?",Does our inner voice get older along with us?,0
269101,529313,529314,Why do all the Android devices have the same type of charging slot?,What is the reasons behind the same charging port in almost all Android devices even companies are different?,1
163455,323143,323144,"I want to buy a flip phone just for calling purpose, my budget is under 2k ,suggest me a good phone.",Was George Osbourne really THAT bad?,0
126478,250578,250579,What is purpose of life?,What is the GRAND purpose of life?,1
316317,12535,620718,What are some examples of passive-aggressive behavior?,What is passive aggressive behaviour?,0
143940,284861,284862,How good is the general public’s understanding of how to evaluate officer-involved shootings?,In movies how do they shoot scenes which involve blood? For ex: how do they shoot blood oozing out of the body after shooting or stabbing?,0
223867,441233,441234,Why is the NYC Fire Department called the FDNY and not the NYFD like the Police Department (NYPD)?,Can any big officer of a department transfer any other officer of the same department?,0
174596,344946,344947,Which are the best dragon ninjas games?,Which are the best ninja dragon games?,1
76660,152319,152320,WhaT are the benefits of eating bananas?,What are advantages of eating bananas?,1
80147,159211,159212,"Assuming the WTC attacks were either foiled or failures, what would the global political landscape look like now?",What would America look like without 9/11?,0
140531,278176,278177,Why did Lata Mangeshkar never marry?,"What is the main reason behind monopoly of Lata Mangeshkar in Indian Cinema from 1950 - 2000? Is it sheer incomparable talent, lack of open socio- cultural opportunities for other females, politics or media?",0
335547,657885,657886,Can your mind really focus on two things at once?,How do I achieve focused state of mind?,0
278191,546945,546946,What are some of the best memes?,What are the best memes on USA?,0
325514,638489,638490,How can I learn digital marketing?,I want to learn Digital Marketing. Where do I start?,1
55231,109889,109890,What investment is required to open a mini supermarket in India?,How can I open a mini supermarket?,0
3250,6499,6500,What are some things women think about men that we probably don't know?,What are some things a men should know about women?,0
402223,785719,785720,Has Terra Nova been cancelled for Season 2 ?,Was Terra Nova renewed for another season in 2014? Why?,0
230781,454758,454759,What is your blood type?,How did blood types evolve?,0
138264,273721,273722,How do some students score very well without studying much?,What should I do if I am not able to study?,0
5717,11426,11427,"Can the level of economic development represent the level of civilization? Assuming your answer is no, explain why?",Can the level of economic development represent the level of civilisation?,1
234224,461466,461467,What is the most common full time job and what is the most common part time job?,What is the difference between part time and full time job?,0
329530,646245,646246,"Do raw materials like coal and iron travel by train-only on land, or do they use trucks and planes too, like Amazon, Ebay, and Jet use?",Do you like traveling by plane?,0
17224,34375,34376,What type of guy should I be?,What type of guy should I find as a husband?,0
319708,627257,627258,Why doesn't Jupiter have a surface that you can stand on?,How close to the surface of Jupiter can a human get?,0
30820,61440,61441,Is it possible for an individual to find a hidden talent within?,How can I find hidden talent inside me?,1
13575,27102,27103,Why do so many people ask things on Quora that they could just as easily Google?,Why are there so many people using Quora to answer questions that can easily be found with a simple Google search?,1
237464,467782,467783,What does it feel like to be a millionaire by investing?,What does it feel like to become a self made millionaire as a woman?,0
219261,432270,432271,Which is the best five hair transplant clinics in India?,"Which is the best hair transplant clinic in Bhubaneswar, India?",0
45501,90606,90607,What are Zomato's fundraising strategies?,What was Zomato's strategy for the first 12 months?,0
77255,153496,153497,Who would win a fight Bruce Lee or Muhammad Ali?,Would Muhammad Ali beat Bruce Lee?,1
333792,654488,654489,What stocks are the best to invest in right now?,What are good stocks to invest in right now?,1
262838,517170,517171,Shall we edit the photo before sending it to any photography contest?,"After the 2016 US election, can we assert that Peter Thiel is the greatest investor of all time? Additioanally, did he have any unique insight?",0
332101,651219,651220,What are some good undergraduate courses for commerce students abroad?,Which course is best for commerce students to pursue if they want to go abroad?,0
274433,539644,539645,How do I fix my skin?,How can I fix my skin?,0
261905,515363,515364,How many days a period can be late?,What are the common first signs of pregnancy? How can I tell if I'm pregnant? What are the symptoms?,0
259890,511465,511466,How do you check your Axis Bank balance online?,How can you check your Axis Bank account balance online?,1
139789,276716,276717,"Aside from the money, do you think that it is a good idea for there to be a sequel to Star Wars Episode 6?",What is your review of Star Wars: The Force Awakens (2015 movie)?,0
61720,122744,122745,"What hotel in Shillong Hill-station would be safe for unmarried couples, without the harassment of police, hotel staff, and moral police?","What hotel in Palampur Hill-station would be safe for unmarried couples, without the harassment of police, hotel staff, and moral police?",0
7752,15484,15485,Can a female dog get pregnant by two different males?,Should I get my female cat spayed or my male cat neutered?,0
335703,658186,658187,What documents does an immigration lawyer provide for an LCA - E3 Filing?,What can happen legally if you don't provide all the documents for an SSI redetermination?,0
28688,57199,57200,What is the package for freshers in Secureye?,What is the package offered by ABCO Advisary Services to a fresher?,0
24299,48475,48476,What are good tips to take good pics in a smartphone?,What tricks do you know about mobiles and computers which most people are usually unaware of?,0
309473,607523,607524,Is cashless society possible in India at this stage?,Is a cashless society possible?,0
152159,300985,300986,How can one track a mobile number location?,How do I track someone from his mobile number?,1
357929,700930,700931,Without net neutrality would ISPs block Google Now and Siri?,Would Amazon be blocked by ISPs?,0
12844,25642,25643,Why is Sehwag so damn irritating and why do people & media glorify his lameness?,"Do people become more more cynical and irritable with age? If so, why?",0
193706,382369,382370,How can one keep his/her dignity?,How do you keep your dignity?,1
356230,697653,697654,How do I get over my anxiety and start with work?,How do you deal with your anxiety at work?,1
350582,686812,686813,Why did Apple remove the backlit logo in newest MacBooks?,Why did Apple ditch the glowing Apple logo in the new MacBook?,1
378442,740224,740225,What is solution engineering?,What is it like to be a Solutions Engineer?,0
311964,612346,612347,How will the scrapping of Rs 500 and Rs 1000 notes help in reducing black money and corruption?,How will banning the present 500/1000 notes fight black money if it can be exchanged?,1
378000,739371,739372,Is there anything permanent in this world?,What is permanent in this world?,0
285798,561678,561679,What the best way to make your short hair grow faster?,How can you grow your hair faster in a short period of time?,1
31624,63036,63037,"How much money can you make from youtube if you have 900,000 views and 1,800 subscribers?","How much money do I need to make a year to buy a 900,000 house?",0
263317,518109,518110,How Many ISI agents Are located in India?,How can I make my essays more creative?,0
209447,413146,413147,What do I REALLY need to do to get a bigger butt?,How can I get a bigger butt fast?,0
101986,202351,202352,Has the US Constitution been used as a blueprint for countries founded after the US?,How has technology revolutionized medical education?,0
131585,260626,260627,"How is Bolivia's geographical location unique in the region, and how does its geography compare to Chile's?","How is Bolivia's geographical location unique in the region, and how does its geography compare to that of other countries?",0
190625,376344,376345,Swathi murder case- who is the real murderer?,What is a good annual salary for a single woman?,0
218426,430650,430651,"Why doesn't Google X use Satellites instead of Balloons for its broadband supply project ""Project Loon""?",Why did Google use weather balloon instead of satellites?,1
248755,489805,489806,How is my friend earning millions from home just by using Uber app?,How is everyone earning millions from home by just using Uber app?,1
195494,385863,385864,How much time does Wipro takes to send a DOJ after the background verification is done?,Does wipro reject anybody after sending them letter of intent?,0
288759,567416,567417,How do I get rid of stringy clots during my period?,What causes stringy clots during my period?,0
37412,74543,74544,What is Donald Trump's writing style?,What is Donald Trump's management style?,0
393407,768860,768861,How can I improve my programming skills in web development?,How can I improve my programming skills?,0
161840,319971,319972,Who was William Lloyd Garrison? What was his significance?,What is the significance of William Lloyd Garrison?,1
79020,156977,156978,What is the average salary of a cloud support associate in Amazon AWS?,What is the average salary for Amazon Cloud Support Engineer II (Level 5) in Amazon Cape Town?,0
190518,376137,376138,Why is Indian Rupee not strengthening after demonetisation?,Why did not Rupee get strong against the Dollar even we have demonetisation?,1
217701,84882,429237,What are some of the best economics books?,What are some of the best economic books?,1
358950,702908,702909,How do I integrate x^3/(x+1) ^2?,How do I integrate f(x) =x^2-1/x^2+1?,0
277809,546203,396447,How do I deal with noisy neighbors?,What's the best way to deal with a noisy neighbor?,1
300894,590941,590942,Is it possible to use a PS4 controller for a PS3?,Can I upgrade my PS3 to PS4 and play PS4 games by any means?,0
41170,82004,82005,How are cats able to get AIDS?,Can cats get AIDS?,1
63814,126900,126901,Where can I find free hosting for ASP.NET?,What is the cheapest and best asp.net MVC hosting?,0
376258,736054,736055,How can I improve my English skills by watching movies?,How can I improve my English speaking skills by watching Hollywood movies?,0
339598,665712,665713,Is pass with grace in 4 years in b.tech worse or passing those papers in next year after finishing degree?,How do you livestream Instagram hashtags?,0
330810,648719,648720,What are the best books for a beginner ruby coder?,What are the best books to learn Ruby for beginners?,1
248183,488697,488698,"What hotel in Etah would be safe for unmarried couples, without the harassment of police, hotel staff, and moral police?","What hotel in Bulandshahr would be safe for unmarried couples, without the harassment of police, hotel staff, and moral police?",0
361286,707373,707374,What is the best way to take control of your will?,How can I take control on my soldiers?,0
156967,310412,310413,What is the average salary in Dubai for internal audit?,What is the average salary for internal audit in Dubai?,1
19096,38104,38105,Do stars and zodiac signs decide our future?,Do stars (zodiac signs) influence our lives?,0
218263,430333,430334,Will my sex drive and inability to climax level off if I stay on Prozac longer than the ten days I'm on it so far?,Will my sex drive return if I've only been on Prozac for ten days?,1
40887,81443,81444,Where does Mac Outlook 2011 store its data files?,How do I open mac outlook email files?,0
64077,127421,127422,Are North African Arabs ethnically African?,"Are Tunisians Arabs, Africans, or North African Arabs?",0
169372,334707,334708,What are some interesting physics topics for project?,What are the best topics for a physics project?,1
285854,561786,561787,Why are saltwater taffy imported in Japan?,Why is Saltwater Taffy candy imported in Portugal?,1
334992,656810,10881,Is biological aging a disease?,What are the biological causes of aging?,1
279784,550031,550032,How do we know the authenticity of any information provided by the media?,"How do you tell if something labeled ""Moncler"" is real or not?",0
125045,247752,247753,What is the silliest thing you ever did with your partner?,What is the silliest thing you have ever done in Facebook?,0
104249,206788,206789,"Can any fair-minded person, honestly dispute that Muslim refugees in Europe are biting the very hand that feeds them?",What is the best podcast app for Android that can import feeds from feedly?,0
262587,516682,516683,Do drinks with green tea extract boost metabolism?,Does green tea boost your metabolism?,1
265758,522844,522845,Freelancers: What have you learnt in your work that others might find surprising?,Work from home freelancers: What have you learnt in your work that others might find surprising?,1
23276,46439,46440,How can I become Prime Minister of India?,How can I become the Prime Minister of India?,1
71812,142719,142720,"How do I print ""hello world"" in C without using main in my program?",Why do we use main() in C or C++ language?,0
65404,130048,130049,Is dxtorrent.com the new link to Kickass Torrents or is it fake?,"Is The Conjuring 2 available at torrent? If yes, what's its quality?",0
207328,409007,409008,Best Way to Promote Services Cheap?,How do I promote IT services?,0
163610,323447,323448,Can time be negative? or Concept of negative time exists ?,How do black holes impact time?,0
61595,122499,122500,How do I learn basic drawing skills?,How do you learn to draw basic pictures?,1
18195,36305,36306,"What is the difference between irony, contradiction and paradox?",What is the difference between a paradox and a logical contradiction?,0
194212,383355,383356,Are there any hidden costs in the zero brokerage office search service provided by LeaseKey (leasekey.com) in gurgaon/NCR?,Are there any hidden costs in the zero brokerage warehouse search service provided by LeaseKey (leasekey.com) in Gurgaon/NCR?,0
193228,381437,381438,How do I get mango varieties like langda or himsagar which are available in West Bengal in Bangalore?,Is it easy to get a BDS course in west Bengal medical colleges?,0
392831,767758,767759,"What are the differences between login, log in and sign in?","What difference between ""Login"" and ""log in""?",0
403913,788958,788959,Daniel Ek: When is Spotify coming to india?,When will Spotify launch in India?,1
286313,562672,562673,What is the link between eating disorders and genetics?,Would you date a girl with an eating disorder?,0
14193,28333,28334,"What do I do now, and after, a BTech?",In world war 2 what was the lowest ranking military member to take charge of his unit after his command was wiped out?,0
287600,565157,565158,Are niche specializations (like MIS or business analytics) good degrees to invest on if your aim is to do an MBA eventually?,"What are the job prospects after IMC from Medill School, Northwestern University?",0
307017,481855,602766,What narrative films are based on non-narrative nonfiction books?,What are forced narratives in Netflix?,0
272237,535384,535385,Why do many bands release limited edition album only in Japan?,Who invests in an album release?,0
233436,459916,459917,How can I restore my factory settings to my Dell 3521 laptop?,How do you factory reset a Dell computer?,1
223540,440594,440595,"Why do people consider you one race, when you might be many? Dna test ancestry?","Why is it that when you express alternative ideas that might lead to a better existence for all, many immediately scream ""utopia"" without even considering the merits?",0
91414,181500,181501,What is hysteresis torque?,Will colleges value me taking 4 AP's freshman year?,0
89598,177900,177901,"Which is correct, 'healthier' or 'more healthy'?",Which one is correct? You learn easier or You learn more easily?,0
70392,139910,139911,How do I make a quiz? How can I programme in Visual Basic?,Is it worth learn Visual Basic in 2016?,0
198967,392667,392668,How can I get an Internship at ONGC?,How can I get an internship in ongc?,1
78743,156430,156431,"Which is the best career for women, except teaching?",What are the best job paying career for women?,1
21480,42854,42855,Is bitcoin a good investment?,Should I invest in Bitcoin?,0
55975,111365,111366,What is the best way to shoot video designed for the Oculus Rift?,Where in Seoul can you try Oculus Rift?,0
198153,391079,391080,What questions are asked in the UPSC interview?,What are the questions asked in UPSC ‘CMS’ interview?,0
189953,375029,375030,Is there bisexuality/homosexuality in animals?,Why are there no gay animals?,1
295090,515026,23485,What is the best way to invest $500k?,"What's the best way to invest $500,000?",1
63605,126489,126490,"What were the major effects of the cambodia earthquake, and how do these effects compare to the Rat Islands earthquake in 1965?","What were the major effects of the cambodia earthquake, and how do these effects compare to the Sanriku earthquake in 1896?",1
93991,186592,186593,Would you say I am bisexual?,Am I bisexual?,0
62853,124998,124999,What is the most brutally honest thing a child has ever said to you?,What was the rudest yet honest comment a child has said to you?,1
62600,124496,124497,How should I learn Computer Science?,How does one self-learn computer science?,0
52002,103489,103490,How is magnetism related to electricity?,How is electricity related to magnetism?,1
132833,263076,263077,Why do Scottish men wear kilts?,Why do Scots wear kilts?,1
60644,120623,120624,How do you make money online?,How could I make money online?,1
371178,726333,726334,What is the best way to find my love?,How can I find my love?,1
95984,190534,190535,What are some of your favorite childhood memories?,What are your fondest childhood memory?,1
318244,624433,624434,Which is a good inpatient drug and alcohol rehab center in Clinton County IA?,Which is a good inpatient drug and alcohol rehab center in Union County IA?,0
5085,10164,10165,Can I reset my Gmail password without having to change my username?,How do I reset my Gmail password when I don't remember my recovery information?,0
16128,32190,32191,Is it possible to test a transistor in your laboratory?,Do transistors amplify DC signal?,0
152256,301177,301178,Which dog breed should the average person NOT own?,What is the breed of dog owned by Jim Carrey in movie The Mask?,0
361264,707330,707331,How can I download full episodes of Mahabharat of Star Plus?,Where can I download all episodes of Gotham?,0
324434,636414,636415,What do you think about Fantastic Beasts?,Did you like fantastic beasts?,1
125511,248673,248674,"If you had to choose, would you rather move to a developed country to improve the life of your child, or take care of your mentally ill parent?","For those with a diagnosed mental illness, if you could erase the illness and the experiences you've had with it from your life would you choose to do so?",0
57122,113647,113648,What web pages like Sharetribe exist?,Is Sharetribe real?,0
395630,773111,773112,Is everyone a bit narcissistic?,Is everyone a narcissist?,1
1576,3153,3154,Can we eat meat with dairy products?,Is eating meat and dairy okay?,1
246168,484780,484781,"If someone's not in my WhatsApp contact and he used to check my profile every time, will I know about it?",What is the trick to know my WhatsApp profile visitors?,1
217599,429036,429037,What is the best franchise to open in india?,Which is the best franchise business in tier 3 cities in India?,0
46731,93044,93045,Can women be engineers?,Is engineering (of any kind) a preferred or suitable career choice for young women?,0
341169,668749,668750,I find myself better off alone. Not able to develop a good friend.But still there is some jealousy while I see people enjoying. Is that normal?,"Heartbreak? Heartbreak? She's my girlfriend for two months, I chose her over my girlfriend for 2 years. I like her so much to the point that I can't let her go even if she wants to end our relationship because of the other people around us most especially her family. I do the things for her that I'm not used to for a girl and I am willing to sacrifice everything just to have a little time with her. A little and limited time that I'm asking from her but she don't wanna give it to me. She's scared that someone might see us, that she's still having an affair with me. I love her and I want to be with her at least once a week even if just for a limited time. I'm not sure if I'm doing the right thing, all of my friends told me to stop it and just let it go 2 months is just 2 months not a deep relationship. But they don't feel what I feel, in this span of time I learned a lot, I learned how to love, to be loved, to sacrifice a good life, and to sacrifice a better clear future. My mind tells me to stop, but my heart tells me to hold, don't give up, stay with her and give her the unconditional love. Should I follow my mind or follow my heart?",0
109887,217905,217906,"How Rummy circle, got license for online gambling, where offline gamblings strictly abandanded in India.?",I need a referral from Google…how can I get it…I dont have friends and family working in Google?,0
391668,765537,765538,What kind of technology I have to know to be a backend developer?,What technologies should I know to become a backend web developer?,1
294374,578287,578288,What was your worst summer job?,What are the worst summer jobs for a teenager to have?,0
73132,145334,145335,How can I know wether I'm attractive or unattractive?,How do I know if I am unattractive?,1
395155,772201,772202,How can I be more confident while flirting?,What do you call a girl who flirts with more than one guy?,0
268417,527990,527991,What is hidden in the crypts at Winterfell?,What is in the crypts of Winterfell?,1
341814,669985,669986,How should I ask a girl that I want to fuck her?,What are some questions that I can ask to a girl if I want to get to know her?,0
10830,21625,21626,What is the difference between first copy and duplicate watches?,What is the difference between 1BDR and 2BDR in GSHOK watches?,0
77295,153574,153575,Why is Norton Antivirus considered a malware?,How does Norton AntiVirus remove malware?,0
62689,124672,124673,How can I memorize quickly?,What is the fastest way to memorize something?,1
198645,392039,392040,"Why cant I join my friends lobby, and why cant my friends join my lobby in black ops 3?",What is the gun on Black Ops 3?,0
402088,785461,127785,What is NFC good for?,What is NFC?,0
237626,468102,468103,What are some interesting facts about highways in India?,What are some interesting facts about nuclear tests by India at Pokhran?,0
19667,39245,39246,"Why do bike petrol engines makes a ""tik-tik"" sound (for a few minutes) after switching off the engine, especially after a long run?",Why is it recommended to use kill switch to shut the bike engine off instead of using key?,0
14268,28483,28484,What are the benefits of no drinking coffee?,What are the benefits of never drinking coffee?,1
601,1203,1204,What should I do for Web design?,What Is Web Design?,0
68443,136058,136059,How do I see a saved wifi password?,How do you see a saved wifi password?,1
324384,636314,636315,How do you spell croneck?,How do you spell 2745709?,0
26852,53547,53548,How can you popularize your blog anonymously?,How popular are blogs?,0
68354,135880,135881,What are your personal top ten music albums of all time?,What are the Top 10 music albums of all time on your list?,1
35754,71241,71242,What is an interface icon?,What is interface icon?,1
167358,330768,330769,What are the strongest majors in terms of job prospects and what are the weakest majors at Claremont Colleges?,What are the strongest majors in terms of job prospects and what are the weakest majors at Smith College?,0
388462,759410,759411,What are the best movie remakes?,What is the most interesting movie?,0
202342,399254,399255,Which actress has biggest rack in Bollywood?,Who is this Bollywood actress?,0
202088,398769,398770,Will Indian currency be little stronger globally after bans on 500 and 1000 rupees notes?,Will the value of rupee increase after the 500 and 1000 rupees notes are banned?,1
305050,598978,598979,What are some examples of forced convection?,What is forced convection? What are examples of this?,1
237974,468782,19579,Can TQWL tickets confirmd easily?,What are the best online ticket markets?,0
17213,34353,34354,Where does the derogatory term for Asians 'Zipperhead' come from?,"What is the origin of the term ""bush league""?",0
119306,236451,236452,How do you write a longer description for your questions on Quora?,"How can I add a longer, more detailed description of my question on Quora?",1
338035,662687,662688,"What is the difference between two-stroke, four-stroke and six-stroke engines?",What is the difference between a two-stroke and a six-stroke engine?,0
95542,189656,189657,How do I write a simple C program to evaluate expressions?,How do I write a C program to evaluate postfix expressions using arrays/stacks?,1
18290,36494,36495,Is 304 a good score in gre?,Is A score of 319 in GRE a good score?,1
309379,607340,607341,Why do I sneeze every morning?,Why do a lot of people sneeze a lot after waking up in the morning?,1
287400,564773,564774,What are some interesting facts about Pennsylvania?,What are some interesting facts about Pennsylvania that many Pennsylvania locals don't even know about?,0
77559,154097,154098,How would you remove a snake that entered the stomach through the anus and is now living in the stomach?,How long does it typically take for food to pass through the stomach?,0
1545,3091,3092,Which is better car Honda Jazz or Volkswagen polo?,Are Hondas or Accuras better cars? Why?,0
378064,739494,739495,How does it feel to have $ 100 million?,What annual interest can I earn on $100 million?,0
189395,373935,373936,"How does Elevate compare with Lumosity as a ""brain training"" app?",Do games like lumosity and peak and elevate actually train your brain?,0
53235,105935,105936,What's your attitude towards life?,What should be your attitude towards life?,1
48931,97407,97408,I'm an 18 year old girl but I only like older men around 30-40 I just don't find guys my age appealing as I feel less safe and protected what do I do?,I am 18 years old but I still have no boyfriend (or a girlfriend). Is it mentally healthy?,0
322478,632609,632610,What are some of the mobile apps that you can't live without?,Which one mobile app you can't live without?,1
190794,376675,376676,What would happen to this country if Trump were elected president?,What will really happen if Trump becomes President?,1
380055,743320,743321,Free radical fragmentation reactions are unlikely candidates as termination for chain reactions. Why?,Free radical fragmentation reactions are unlikely candidates as termination for chain reaction. Why?,1
203395,401316,401317,Why do I have red itchy balls all over my skin?,"Was Tim Kane your first choice? If so, what was the reason behind that decision?",0
276590,543828,543829,How does mobile app generate revenue?,Which mobile app generates the most revenue?,0
379708,40954,742654,Will Google buy Quora? Why or why not?,Why doesn't Google buy Quora?,1
44261,88142,88143,What are the best ways to apply for an internship in IT?,How do I apply for internship?,0
214321,422641,422642,How was Nazi Germany able to technologically surpass the Allies in so many ways?,What technologies have come from Nazi Germany that have actually benefitted society?,0
396657,775078,775079,"Why is it impossible to divide by 0, but not impossible to divide zero by something?",Why is it impossible to divide by 0?,1
55834,111085,111086,Can you open a Amazon FBA account with just a PO box if you don't want to ship from your home address?,Does Amazon ship internationally?,0
111692,221467,221468,Where can I get Kaththi English subtitles?,Where do I get Tamil subtitles or an audio file for an English movie?,0
16589,33108,33109,What is the salary of software engineer in India per month?,How much is a software engineer paid per month in India?,1
284275,558727,558728,What is the total number of peer-reviewed articles published by Science (journal)?,How long (on average) does it take to write a peer reviewed journal article?,0
271310,533594,533595,What does finalize method actually do?,What does finalize method actually does?,1
367427,719126,719127,I’m planning for a career as FD/RD agent. What is the commission percentage do FD/RD agents receive?,With MBA in operations as a major What kind of job roles and prominent recruiting companies are seen that hire From top B-schools?,0
42131,83912,83913,Why do I still miss and feel something for someone who betrayed me and lied to me?,How can I believe in someone who lied to me?,0
74674,148390,148391,What are the best HD game wallpapers?,What are some of the best Xmen wallpaper?,0
367731,719712,719713,Why did you stop or reduce your smoking of marijuana?,What are the laws with regard to marijuana in India?,0
205048,404550,404551,What's the slogan after the speech of Rasheed Naaz in the movie Baby?,What is the slogan for Hanes?,0
18100,36120,36121,How can I stop feeling so inferior to others?,How do you stop the feeling of inferiority?,1
76158,151326,151327,"What are the different types of dirt bike racing, and how do they differ from each other?",What are the different types of dirt bikes and how do they differ from each other?,1
340137,666755,666756,What is the relationship between sociology and law?,What's the relationship between law and sociology?,1
276918,544464,544465,What should I do if Donald Trump wins the election?,What will you do now that Donald Trump is the President?,0
20893,41681,41682,Which is the best app for compressing mp3?,What is the best MP3 downloader app on Play Store?,0
300911,590975,590976,What can a 10-year-old who is pregnant do?,Can I be pregnant even after having a period?,0
401894,785082,785083,How to recover Facebook account when it is temporarily blocked?,Can I recover my Facebook account after I deactivate it once?,0
255545,502999,503000,What are fictitious assets?,What is an asset recovery?,0
366652,717651,717652,How can I improve my English speaking .?,How can I improve my English in a very short time?,1
368792,721747,721748,Why do farts stink so bad?,Why do farts sometimes stink and sometimes not?,0
297418,584191,584192,How do googlers estimate how long they will finish their tasks?,How do people pay and outsource their daily tasks on social medias such as primarily Instagram?,0
172797,341416,341417,What is the real reason for World War One?,What was the reason behind world war one and world war two ?,1
240343,473409,473410,Why tulsi leaves should not be chewed?,Why should tulsi leaves be not chewed?,1
6768,13518,13519,What are some neurogaming startups?,What are startups?,0
147010,290878,290879,What famous actors are diagnosed as psychopaths?,Were famous psychopaths evil as children?,0
204330,403145,403146,What is the best way to start a programming career?,How do I begin a programming career?,1
384810,752433,713146,Is plastic surgery okay?,"Why is cosmetic surgery called ""plastic"" surgery?",0
395950,649718,773718,Is a student loan debt amnesty or forgiveness program feasible?,What is student loan forgiveness?,0
69287,137726,137727,What is the atmospheric electricity?,What is atmosphere?,0
372414,728700,728701,Why is the Earth's surface so flat?,Why is the earth so flat?,1
281045,552476,552477,Is Paytm the biggest gainer of demonetisation?,How much is Paytm going to benefit from recent Indian Government decision to demonetise Rs 500 and Rs 1000 currency notes?,0
38564,76829,76830,Is reality equivalent to perception?,What is meant by perception of reality?,0
275574,541852,541853,What steps must be taken by indian government to make india litrate and what study pattern must be followed?,What steps must Indians take to make India corruption free?,1
269002,529123,529124,How often should a couple have sex?,How often should a person have sex?,0
265813,522952,522953,Should you apply honey on your face overnight?,How often should I apply egg white mask onto my face?,0
131405,260270,260271,How can I prepare SAT for ntse stage 1 (haryana)?,How can I prepare SAT for ntse stage 1(haryana)?,1
382703,748404,748405,How do know when you're in love?,How do you know if you are in love? How do you know its not just chemicals in your brain trying to trick you to reproduce?,1
171314,338511,338512,Does the United States still have active underground missile silos armed with live ICBMs?,Why wouldn't you like to live in the United States of America?,0
211200,416574,416575,Will Trump lead to the downfall of the USA?,Could the rapid rise of Neo progressivism lead to the downfall of American freedom?,0
379709,742655,742656,I’m a citizen who is often mistaken as a immigrant due to a speech impairment; how do I protect myself against Trump's proposed immigration policies?,"How long/ loud would I have to scream at a mug of water to make it boil, assuming the mug won't crack?",0
249691,491615,491616,Is a bio-tech graduation applicable for entry in the defense?,Chief executive as project sensor?,0
50329,100180,100181,What is the effect of fed rate hike in India?,What will be the impact on India if the Fed rate hikes?,1
66393,131999,132000,What is a suitable inpatient drug and alcohol rehab center in Carroll County AR?,Which is a suitable inpatient drug and alcohol rehab center in Montgomery County AR?,0
309688,607947,607948,How do I get a girl just to have sex in Delhi?,Where do I get girls to talk to in Delhi?,0
328036,643365,643366,What are parallels between chess and Dota 2?,What are parallels between Dota 2 and tennis?,0
98611,195702,195703,Will malayalee youths find this video funny?,What are some eye metaphors?,0
19543,38998,38999,Are we losing net neutrality to corporations?,Will we lose net neutrality?,0
162349,320964,320965,What will be the effect of possible war between India and Pakistan on Indian Stock market?,"What will be the disaster effect, if nuclear war breaks out between India and Pakistan?",1
401440,784209,784210,"Is there any way in Gmail to recall or delete the mail which is already sent, say before 1hr?","I blocked a guy on Gmail. After unblocking him from gmail, will I get the mails he sent me while I blocked him?",0
366227,716828,716829,How can I get inbound campaigns for my call center?,How could I find a campaign for my call center?,1
209087,412447,412448,Can I switch from software testings to software developer?,Should I move to testing from software development?,0
76459,151921,151922,"Is the literary magazine, ""The Atlantic"" socially/politically biased? If so, to what side (left or right) does it tilt?",Why are all New Yorker and Atlantic editors and writers Ivy League graduates?,0
300861,590876,4915,Can I find out who added a question in Quora?,Is it possible to see when a Quora question was asked and who asked it?,0
252001,496112,496113,What is the best way to learn and practice C programming?,What is the best way to start learning C language within a month?,1
282133,554591,554592,Why do some states not have a property tax?,What states have no property tax?,0
285132,560386,560387,What will be the future of pure manual testing employee?,Is manual testing dying?,0
237138,467145,467146,Is civil engineering better than mechanical engineering?,"Which is better, mechanical or civil engineering?",0
214828,423631,423632,Does news hour debates(times now) does find a solution to a problem?,I'm in a really bad situation now and it is going to be terrible. It is related to financial problems. How can I find a solution?,0
131675,260800,260801,How do you find a copy of the original blueprints for a house?,"My husband and I just bought our own house and while we live in it, we can't figure out what changes happened and when. Is there a way to get the original architectural plans of your house and then find out what modifications were made over the years?",0
31611,63011,63012,Which programming languages are common to develop in the area of gamification?,Who is the worst Director in the history of MNIT/MREC?,0
257452,506734,506735,How do you solve a math problem?,How do I solve this math problem?,0
98532,195546,195547,Does culture influence architecture?,How do cultures influence each other in America?,0
154477,305526,305527,How do you help someone cope with anxiety?,How do you cope with anxiety?,0
60805,120938,120939,Is Quora's engine biased against Donald Trump?,An honest question. Is Quora biased against Donald Trump and Pro Clinton?,1
252329,496754,496755,What is actual meaning of life?,What do you think is the ultimate meaning of life?,1
245207,482900,482901,How do I repair my relationship after I cheated?,How can you repair your relationship after you cheated?,0
101057,200523,200524,How do I work smarter instead of harder?,"How can I work smarter at office, not harder?",1
366736,717811,717812,How can I improve my communication skill and English proficiency?,How can we improve our English language skills?,1
25467,50792,50793,Why is Lipton's green tea helpful for losing weight?,How Green tea is useful for reducing fat?,1
247967,488276,488277,How should I start believing in myself?,How can I start believing in myself?,0
321709,631121,631122,What is the meaning of surgical strike?,What is the surgical strike?,1
116197,230337,230338,What is the most racist thing you've heard?,What's the most unintentionally racist thing you have ever said or done?,0
129857,257212,257213,How do you reset a laptop to its factory settings?,What are some ways to do a factory reset on a laptop?,1
366922,718173,718174,What are the best businesses to be started in Chennai right now?,What is the best business to start in india right now?,0
135433,268176,268177,"Where does Truecaller get its data? It doesn't seem to work for me, but if it did work, wouldn't that raise privacy concerns?",What is the basic concept behind the working of Truecaller?,0
36273,72275,72276,What is the best moment of your life so far?,What was that best moment of your life?,1
39732,79146,79147,Why do cats like to rub against people's legs?,Why does my cat bring dead birds and mice to me?,0
66585,132382,132383,How do I earn 5 dollars per day from internet?,How can I earn 1000000 dollars per year?,0
15268,30477,30478,"What is the nearest airport to Daytona Beach, and how do this cities tourist attractions compare to Billing's?","What is the nearest airport to Daytona Beach, and how do this cities tourist attractions compare to Helena's?",0
115898,229745,229746,How can I stop my dog from chewing my shoes?,How do I stop my Pit Bull/English Bulldog mix from biting my shoes?,1
106641,211507,211508,Why is still India a developing country?,Why india still known as a developing country?,1
260351,512360,512361,How much black money will the government get back after demonetization?,How much black money is recovered till now after demonetization?,1
297716,584772,584773,How do I get my first job on Upwork?,Why am I not getting any freelance jobs on Upwork?,0
144710,286372,286373,How do I extract article from webpages?,How do I to extract articles from webpages?,1
104267,206824,206825,"Twenty seconds of insane courage: How might a young man, feeling a strong attraction to a young woman on the street, meet her?",What is the best way to approach a woman walking in front of you?,0
14164,28276,28277,What does Fy16f mean in stock market?,What does mean stock market? How to be study of stock market?,0
261437,514451,514452,How can someone become a good DJ?,How can I become a good DJ like Hardwell?,1
398671,778939,553543,How do I resist checking my mobile notifications and social media every few minutes?,How often do you check social accounts for notifications?,0
278346,547245,547246,Is Doing a MBA degree in UK is wise option?,Why do startups need your service? Why can't they find deep pockets themselves?,0
318530,624986,624987,Does covering your head while sleeping cause brain damage?,Can sleeping on my stomach restrict blood flow to the brain and cause brain damage?,0
175021,345773,345774,What are the main cultural differences between the UK and the Republic of Ireland?,What are the cultural differences between the Republic of Ireland and the UK?,1
83182,165211,165212,What would Gendry do if Jon became king?,What would Sansa do if Jon became king?,0
178686,352957,352958,Which DSLR camera would be best for me?,What is the best basic DSLR camera and lens to buy for the beginners?,0
258607,508975,508976,Where did the posh English accent come from?,"How do you feel when you hear someone speak in Received Pronunciation, (posh british accent)?",0
139034,275231,275232,What is the longest roller coaster in the United Kingdom and how does it compare to the longest roller coaster in Canada?,What is the longest roller coaster in the United Kingdom and how does it compare to the longest roller coasters in other countries?,0
191530,378115,378116,What are the best affiliate networks in the UK?,What's the best Affiliate Network?,0
51038,101578,101579,I am I a confusion either to purse a MBA or to do a ME in my civil stream. What are the ways I can do either of these?,"I am confused regarding which branch to choose, either civil or mechanical for a BE course?",0
245501,483477,483478,Why is Hillary Clinton worse than Donald Trump?,Is Hillary Clinton wealthier than Donald Trump?,0
163114,322472,322473,How long would it take for someone to drown and die once they've hit the water and breathed in a lot of water? Giving that they cannot swim,How long does it take water to freeze?,0
188395,127595,371984,What are some good examples of counterintuitive behavior?,What is the significance of good behavior in a school?,0
130342,258166,258167,"Is this sentence correct, ""I am on my way to picking up my kid from school""?","""In many different ways."" Is the above sentence grammatically correct?",0
70461,140047,140048,Who are some good Indian bloggers to follow on Quora?,Why does Quora seem to have so many right wing nuts in India?,0
145701,288311,288312,What factor(s) determined the direction of hieroglyphic writing?,Which is the correct direction to write Japanese?,0
1008,2017,2018,"Is there some way to identify genuine JBL speakers, as fake JBL speakers are also sold in market?","I am planning to buy a portable Bluetooth speaker under 10k INR. I am confused between the JBL Flip 2, JBL Charge and JBL Pulse. Any reviews?",0
163289,322817,322818,How do I upvote a Reddit post?,How do I see my upvotes on Reddit?,0
5033,10060,10061,"Does the TV show ""Preacher"" have any nudity?",Does the Preacher TV show have nudity?,1
246500,485424,485425,Can I use Jio in iPhone 5s?,How do I get Jio sim for iPhone 5s?,1
127041,251684,251685,Do NBA teams have captains?,How many teams are in the NBA?,0
92249,183153,183154,Where can I get the best rates on cruises?,Where can I get the best price on a cruise?,1
360809,706454,706455,How do I find the right mentor?,Why is it so hard to find the right mentor?,0
312250,612889,612890,How do I study 7th grade?,I am in college studying the foundation of science. I really want to keep up my good grade. How do I do a study schedule?,0
210395,414999,415000,How do I read someone's WhatsApp messages without any access to their mobile phone?,My Samsung Galaxy J5 takes too long to charge. What is the problem?,0
152218,301101,301102,What you mean by wet and dry area in toilet?,"My nexus 5 got wet from a water bottle opened in my bag. By now it's dry, but won't open. What should I do?",0
214523,423034,423035,What is the difference between 16 Mbps broadband or 2 Mbps leased line?,Can weed induce depersonalization? How?,0
193495,381955,381956,What are the best careers for girls?,What is the best career for girls?,1
322725,328868,633081,What are the best settings in Photoshop to get a high-quality animated GIF in a small file size?,How can we make high-quality GIFs online?,0
163665,323556,323557,Which political party will win Punjab Assembly Elections 2017 and why?,Which party will win election in 2017 in punjab?,1
259874,511434,511435,Will Donald Trump or Hillary Clinton win the 2016 US presidential election?,What are Donald Trump's chances against Hillary Clinton in a general election?,1
26439,52724,52725,What is the latest version of c++?,What is the latest version for computer?,0
194900,384703,384704,"I want to create a search engine, where should I start?",If I want to create a search engine then what should I do?,1
9306,18585,18586,What are the greatest comebacks in history?,What are some of the greatest comebacks in U.S. election history?,0
391242,764726,764727,What is the difference projectile and relative motion using the vector components?,What is the difference between projectile and relative motion using the vector components?,1
96370,191291,191292,What are examples of Conspiracies Theories that turned out to be true?,Which is the most unlikely conspiracy theory which turned out to be true?,1
324017,635596,635597,What programs are used to make the first programming languages?,What programming language do you use to make another programming language?,0
390271,762869,762870,What does it mean to be a writer?,Who has more power: the writer or the reader? Who constructs meaning?,0
380784,744723,744724,What are some mind-blowing facts about Narendra Modi's security?,What are some mindblowing facts about Indian armed forces?,0
285473,561045,561046,How do you tell a friend she/he has a terrible body odour without hurting her/his feelings?,How do you tell a friend or colleague they they have body odor without offending them?,1
357837,700752,700753,What are examples of things made of porcelain?,What are some examples of things made out of metal?,0
160311,316970,316971,Is it true that the Bhagavad-Gita is introduced in the 5th grade in The Netherlands?,Is every line written in the Bhagavad Gita true?,0
331978,650979,650980,Why is Saltwater taffy candy imported in The Bahamas?,Why is Saltwater taffy candy imported in Laos?,1
122016,241794,241795,How do I stop my Labrador/Pug mix from humping my pillows?,How do I stop my Shepherd-Husky mix puppy from humping my furniture?,1
338467,663521,663522,What are the repercussions of 500 and 1000 rupee notes not being legal tender anymore?,How will the ban on Rs 500 and 1000 notes impact the Indian economy?,1
380402,743985,743986,Where can I get comprehensive written advice in Sydney for any property transaction?,Where can I get very smooth and uncomplicated assistance in Sydney for any property transaction?,1
144511,285980,126382,Which are the best hotels in Goa?,What are the best hotels to stay in Goa?,1
309247,607086,607087,Is it possible to get admitted in IIM's only through GATE?,How did you get into IIM?,0
233443,58020,459930,What is the little hole in airplane windows there for?,"How does the Dreamliner ""window dimming"" work? Will this be implemented in other airplanes?",0
164703,325585,325586,Which one is better: Samsung Galaxy s7 edge or iPhone 6s?,How is Samsung Galaxy S7 compared to iPhone 6s Plus?,1
317955,623878,623879,What is your New Year Resolution for 2017?,What Is your New year resolutions in 2017?,1
332818,652598,652599,What is the best approach to become better at C++?,What is the best way to start learning c++?,1
89061,176834,176835,What's your favorite thing to do? Why?,What's your favorite thing to do?,1
78377,155710,155711,What are the risks of smoking weed (ganja)? Does it cause cancer?,Does weed give you lung cancer?,1
315471,619090,619091,Is being over sensitive a bad thing due to the depth of thoughts?,What could be a unique topic for a year 11 biology project?,0
185343,366006,366007,What is fermi level?,What are Fermi levels?,1
336491,659717,659718,How do I actually lose weight?,What is the fastest possible way to lose weight?,1
314324,616882,616883,What is CUDA? How is it linked to NVIDIA? What does CUDA have to do with GPU?,What is OpenGL? How is linked to GPU? What are the differences between CUDA and OpenGL? Is it restricted to any particular graphics card family?,0
202150,398890,398891,How do you get rid of bees in the house?,How can I get rid of a bee nest in the house?,0
368744,197447,721656,HTML5 Mobile: Will Google prevail with respect to the WebM  H.264 Standards War?,Why is the native HTML5 audio tag not working with Angular.js?,0
329263,645729,645730,Can honey really fade acne scars?,Does honey fade scars?,1
47344,94262,94263,"Why doesn’t PM Narendra Modi attack Pakistan, even after the recent Uri attack in India?",How should India respond to Uri attacks?,0
199905,394506,394507,How do I start travelling?,How do I start the travel life?,1
247123,486631,486632,What's the best pun you can think of right now?,Can anyone think of a pun involving the word hemp?,0
11771,23502,23503,Where can I buy Victoria's Secret in India?,India: Do Indian girls wear Victoria's Secret underclothing?,0
134974,267275,267276,How can I really join into harvard?,How do I get accepted in Harvard?,1
51685,102856,102857,Can someone help me? First line: 2x+x^2+2y-y^2>_2xy+1 Second line: y^2-x^2=1/3. The question is what the answer to y/x is. The answer is 2,Why is Singapore lagging behind in FinTech?,0
194422,383764,383765,What is the best scooter to purchase in India?,What is the best scooter to buy in India?,1
151557,299799,299800,How do I jailbreak IOS 9.3.5?,How do I jailbreak iOS 9.2.1?,0
200129,394946,394947,"If you had 100 trillion dollars, what would you do?","If you had 100 billion dollars, what would you do?",1
98748,195973,195974,How do you charge a laptop without a charger?,Can I charge a NIMH battery without a charger?,0
368265,720742,720743,"If Germany didn't invade Soviet Union, could Germany have won the war? (World War 2)","If Hitler’s Germany hadn’t attacked the Soviet Union, would the Allies have won WW2?",1
29702,59212,59213,Why is cost per impression (CPM) better than cost per click (CPC)?,Has Admob stopped CPM ads? I have a WP app and I get 1000+ impressions per day but I see revenue only from clicks.,0
239901,472542,472543,How can I set the weather application showing the update on my Lumia glance screen (Lumia 640 XL)?,How was the Lumia 640 received when it was released?,0
154210,305004,305005,Which industries are covered under the Factories Act for maintaining the humidity register?,Why would any girl fall in love with me?,0
131880,261205,261206,"I am working in an Android issue and I got this error ""This version of the rendering library is more recent than your version of ADT plug-in, please update ADT plug-in""? What are some suggestions that would help me out with this issue?","I want to develop an android application. But don't know how to begin? I have all necessary development tools such as SDK, ADT PLUG IN for eclipse. I know c, c++, java and learning html. What are good site for the same except developer.android.com?",0
271972,534873,534874,How can I get rid of this problem?,How do I get rid of a problem?,0
350784,687200,687201,What is the function of neutrons in an atom?,How do you calculate the number of neutrons in an atom?,0
207937,410199,410200,What is the difference between research paper and research article?,What is the difference between research paper and research report?,0
242547,477717,477718,How do I deal with my Conservative parents?,How do you deal with conservative parents?,1
271359,533686,533687,What are some cute things beginner programmers do?,What are some tips for a beginner programmer who hits the learning wall often?,0
338052,662721,662722,Is it possible to change your eye color?,Is it possible to permanently change the color of the eye?,1
57806,115008,115009,Are spouses of international students with student visa in Spain allowed to work?,Are spouses of international students with student visa in Norway allowed to work?,0
321043,629830,629831,Which entrance exam I have to give for admission in top universities and colleges for PG courses?,What would Benjamin Franklin do if he were alive today?,0
299681,588603,588604,What is an easy piano song to play?,What is an easy jazz piano song?,0
402229,785731,474174,When was baseball created and how was it created? How did the sport affect the U.S.?,How was the modern baseball created?,1
31360,62512,62513,What is it like to work at a fast food restaurant?,How do I order food at fast food restaurants?,0
39557,78799,78800,Why is terrorism situation worse in France than other parts of Europe?,Are some parts of India better than others?,0
234542,462091,462092,How do you check the engine light in a 2007 Honda Accord?,How do you check the engine light in a 2006 Honda Accord?,0
254003,499998,499999,Could India and Pakistan go to war?,Why did India go to war with Pakistan in 1971?,0
384568,751972,751973,How do top brands influence and engage people?,How can I stop worrying about what other people think?,0
55585,110591,110592,What is the complete set of documents required to apply for a passport in india?,What are the documents required for Indian passport?,1
321258,630251,630252,A regular hexagon is inscribed into a circle. What is the length of the side of the hexagon if the radius of the circle is 12 cm?,) The biggest possible circle is inscribed in rectangle of length 16 cm and breadth 6 cm. Then the area of circle is?,0
381265,745639,745640,What would happen if Quora credits were suddenly reintroduced?,What would happen if Quora credits were suddenly abolished?,0
112491,223035,223036,How do you plan a retirement party?,How have you planned your retirement?,0
232130,457374,457375,What is the best event app?,How much does it cost to make an app for my business?,0
194040,383022,383023,What is your best argument for or against political correctness?,What are the main advantages of Political Correctness?,0
366223,716820,716821,Do you think Narendra Modi will get elected again?,Do you think Narendra Modi will get elected again? *Read further info before answering*,1
192712,380441,380442,Which engine operates at higher compression ratio?,Does the compression ratio vary with engine operation?,0
330528,648176,648177,What has modi done till now??,What has the Modi government achieved since coming to power?,0
